<?xml version="1.0" encoding="UTF-8"?>
<Configuration status="INFO">
    <Appenders>
        <Console name="Console" target="SYSTEM_OUT">
            <PatternLayout pattern="%highlight{[%-5level]}{FATAL=red, ERROR=red, WARN=yellow, INFO=black, DEBUG=green, TRACE=blue} %d{yyyy-MM-dd HH:mm:ss.SSS} [%t] %c{1} - %msg%n" />
        </Console>
        <RollingFile name="RollingFile" fileName="@../../logs/log-${date:yyyy-MM-dd}-${date:HH}.log" filePattern="logs/app-%d{MM-dd-yyyy}.log.gz"
                     ignoreExceptions="false">
            <PatternLayout>
                <Pattern>[%-5level] %d{yyyy-MM-dd HH:mm:ss.SSS} [%t] %c{1} - %msg%n</Pattern>
            </PatternLayout>
            <TimeBasedTriggeringPolicy />
        </RollingFile>
    </Appenders>
    <Loggers>
        <Root level="debug">
            <AppenderRef ref="Console" />
            <AppenderRef ref="RollingFile"/>
        </Root>
    </Loggers>
</Configuration>